congress,chamber,icpsr,state_icpsr,district_code,state_abbrev,party_code,occupancy,last_means,bioname,bioguide_id,born,died,nominate_dim1,nominate_dim2,nominate_log_likelihood,nominate_geo_mean_probability,nominate_number_of_votes,nominate_number_of_errors,conditional,nokken_poole_dim1,nokken_poole_dim2
117,President,99912,99,0,USA,200,0,0,"TRUMP, Donald John",,1946.0,,0.403,0.162,,,,,,,
117,President,99913,99,0,USA,100,0,0,"BIDEN, Joseph Robinette, Jr.",B000444,1942.0,,-0.32,0.283,,,,,,,
117,House,20301,41,3,AL,200,,,"ROGERS, Mike Dennis",R000575,1958.0,,0.359,0.46,-41.3103,0.87782,317,12,,0.452,0.364
117,House,21102,41,7,AL,100,,,"SEWELL, Terri",S001185,1965.0,,-0.393,0.4,-10.16691,0.96882,321,5,,-0.608,0.367
117,House,21193,41,5,AL,200,,,"BROOKS, Mo",B001274,1954.0,,0.652,-0.425,-53.26925,0.84305,312,26,,0.752,-0.19
117,House,21500,41,6,AL,200,,,"PALMER, Gary James",P000609,1954.0,,0.697,0.004,-29.95555,0.91143,323,11,,0.655,0.145
117,House,22108,41,1,AL,200,,,"CARL, Jerry L.",C001054,1958.0,,0.579,0.47,-17.43993,0.9476,324,7,,0.579,0.47
117,House,22140,41,2,AL,200,,,"MOORE, Barry",M001212,1966.0,,0.678,-0.062,-36.89565,0.88847,312,21,,0.678,-0.062
117,House,29701,41,4,AL,200,,,"ADERHOLT, Robert",A000055,1965.0,,0.375,0.581,-60.24801,0.82741,318,17,,0.579,0.155
117,House,14066,81,1,AK,200,,,"YOUNG, Donald Edwin",Y000033,1933.0,,0.283,0.021,-64.24759,0.80128,290,26,,0.269,-0.006
117,House,20305,61,3,AZ,100,,,"GRIJALVA, Raúl M.",G000551,1948.0,,-0.598,-0.258,-5.05395,0.98457,325,2,,-0.479,-0.436
117,House,20902,61,2,AZ,100,,,"KIRKPATRICK, Ann",K000368,1950.0,,-0.167,-0.004,-13.3414,0.95978,325,5,,-0.5,0.454
117,House,21103,61,4,AZ,200,,,"GOSAR, Paul",G000565,1958.0,,0.687,-0.448,-52.85198,0.84732,319,27,,0.728,-0.553
117,House,21105,61,6,AZ,200,,,"SCHWEIKERT, David",S001183,1962.0,,0.578,-0.297,-43.46638,0.87482,325,21,,0.52,-0.085
117,House,21502,61,7,AZ,100,,,"GALLEGO, Ruben",G000574,1979.0,,-0.451,0.001,-6.2361,0.98076,321,4,,-0.573,0.324
117,House,21705,61,5,AZ,200,,,"BIGGS, Andrew S.",B001302,1958.0,,0.883,-0.469,-46.62164,0.86521,322,22,,0.793,-0.609
117,House,21739,61,1,AZ,100,,,"O'HALLERAN, Thomas C.",O000171,1946.0,,-0.193,0.163,-8.55115,0.97371,321,3,,-0.321,0.481
117,House,21757,61,8,AZ,200,,,"LESKO, Debbie",L000589,1958.0,,0.599,-0.017,-27.36978,0.90081,262,7,,0.586,-0.024
117,House,21968,61,9,AZ,100,,,"STANTON, Greg",S001211,1970.0,,-0.319,0.021,-6.61536,0.97985,325,3,,-0.321,0.143
117,House,21106,42,1,AR,200,,,"CRAWFORD, Rick",C001087,1966.0,,0.426,0.493,-33.77517,0.90042,322,13,,0.596,0.499
117,House,21108,42,3,AR,200,,,"WOMACK, Steve",W000809,1957.0,,0.354,0.577,-26.24999,0.92241,325,12,,0.324,0.538
117,House,21503,42,2,AR,200,,,"HILL, French",H001072,1956.0,,0.447,0.243,-16.55448,0.94989,322,7,,0.4,0.381
117,House,21563,42,4,AR,200,,,"WESTERMAN, Bruce Eugene",W000821,1967.0,,0.551,0.297,-22.9174,0.9311,321,7,,0.535,0.134
117,House,15448,71,12,CA,100,,,"PELOSI, Nancy",P000197,1940.0,,-0.49,-0.206,-0.03575,0.99927,49,0,,-0.42,0.044
117,House,20104,71,28,CA,100,,,"SCHIFF, Adam",S001150,1960.0,,-0.349,-0.131,-6.05564,0.98154,325,3,,-0.497,-0.131
117,House,20107,71,50,CA,200,,,"ISSA, Darrell",I000056,1953.0,,0.501,-0.068,-32.37017,0.89899,304,11,,0.391,0.349
117,House,20307,71,22,CA,200,,,"NUNES, Devin",N000181,1973.0,,0.45,0.222,-16.78543,0.94843,317,6,,0.456,0.732
117,House,20310,71,38,CA,100,,,"SÁNCHEZ, Linda T.",S001156,1969.0,,-0.508,-0.137,-4.92521,0.98477,321,2,,-0.413,-0.221
117,House,20501,71,16,CA,100,,,"COSTA, Jim",C001059,1952.0,,-0.192,0.461,-14.52361,0.95437,311,5,,-0.403,0.416
117,House,20538,71,6,CA,100,,,"MATSUI, Doris",M001163,1944.0,,-0.434,-0.16,-6.23609,0.98058,318,2,,-0.42,-0.124
117,House,20702,71,9,CA,100,,,"McNERNEY, Jerry",M001166,1951.0,,-0.263,-0.157,-7.65091,0.97673,325,3,,-0.414,-0.22
117,House,20703,71,23,CA,200,,,"MCCARTHY, Kevin",M001165,1965.0,,0.455,0.225,-20.32652,0.93919,324,5,,0.386,0.62
117,House,20762,71,14,CA,100,,,"SPEIER, Karen Lorraine Jacqueline (Jackie)",S001175,1950.0,,-0.38,-0.424,-16.08409,0.94944,310,4,,-0.306,-0.166
117,House,20903,71,4,CA,200,,,"McCLINTOCK, Tom",M001177,1956.0,,0.71,-0.459,-70.4133,0.80138,318,37,,0.644,-0.446
117,House,20955,71,27,CA,100,,,"CHU, Judy",C001080,1953.0,,-0.488,-0.374,-4.77533,0.98532,323,1,,-0.609,-0.176
117,House,20958,71,3,CA,100,,,"GARAMENDI, John",G000559,1945.0,,-0.309,-0.096,-7.81706,0.97602,322,3,,-0.303,-0.226
117,House,21110,71,37,CA,100,,,"BASS, Karen",B001270,1953.0,,-0.584,-0.108,-3.78335,0.9881,316,0,,-0.502,-0.218
117,House,21302,71,1,CA,200,,,"LaMALFA, Doug",L000578,1960.0,,0.535,0.058,-51.05895,0.84724,308,20,,0.545,-0.112
117,House,21303,71,2,CA,100,,,"HUFFMAN, Jared",H001068,1964.0,,-0.428,-0.55,-7.48479,0.97709,323,3,,-0.545,-0.495
117,House,21304,71,7,CA,100,,,"BERA, Ami",B001287,1965.0,,-0.234,0.017,-7.41042,0.97746,325,3,,-0.438,0.268
117,House,21306,71,15,CA,100,,,"SWALWELL, Eric",S001193,1980.0,,-0.365,-0.102,-10.14013,0.9689,321,3,,-0.235,-0.128
117,House,21307,71,21,CA,200,,,"VALADAO, David G.",V000129,1977.0,,0.258,0.408,-29.69993,0.9092,312,11,,0.277,0.397
117,House,21308,71,26,CA,100,,,"BROWNLEY, Julia",B001285,1952.0,,-0.287,0.054,-5.23751,0.98382,321,1,,-0.325,0.149
117,House,21309,71,29,CA,100,,,"CÁRDENAS, Tony",C001097,1963.0,,-0.384,0.017,-8.21849,0.97441,317,6,,-0.613,0.14
117,House,21311,71,36,CA,100,,,"RUIZ, Raul",R000599,1972.0,,-0.244,0.061,-9.38992,0.97152,325,6,,-0.474,0.295
117,House,21312,71,41,CA,100,,,"TAKANO, Mark",T000472,1960.0,,-0.465,-0.262,-8.24808,0.97455,320,5,,-0.571,-0.167
117,House,21313,71,47,CA,100,,,"LOWENTHAL, Alan",L000579,1941.0,,-0.451,-0.379,-6.4478,0.98011,321,4,,-0.491,-0.477
117,House,21314,71,51,CA,100,,,"VARGAS, Juan",V000130,1961.0,,-0.4,0.086,-7.32788,0.97736,320,3,,-0.417,-0.271
117,House,21315,71,52,CA,100,,,"PETERS, Scott",P000608,1958.0,,-0.182,-0.033,-11.06872,0.96569,317,5,,-0.254,0.382
117,House,21504,71,11,CA,100,,,"DESAULNIER, Mark James",D000623,1952.0,,-0.532,-0.381,-5.33675,0.98356,322,2,,-0.598,-0.435
117,House,21506,71,31,CA,100,,,"AGUILAR, Peter Rey",A000371,1979.0,,-0.294,0.14,-5.62349,0.98279,324,2,,-0.448,0.385
117,House,21507,71,33,CA,100,,,"LIEU, Ted",L000582,1969.0,,-0.374,-0.251,-7.92218,0.97562,321,2,,-0.52,0.011
117,House,21508,71,35,CA,100,,,"TORRES, Norma Judith",T000474,1965.0,,-0.362,0.043,-6.13843,0.98129,325,3,,-0.4,0.293
117,House,21703,71,44,CA,100,,,"BARRAGÁN, Nanette Diaz",B001300,1976.0,,-0.514,0.02,-5.44719,0.98307,319,2,,-0.507,-0.155
117,House,21709,71,24,CA,100,,,"CARBAJAL, Salud",C001112,1964.0,,-0.302,0.13,-6.49927,0.9802,325,3,,-0.373,0.068
117,House,21711,71,46,CA,100,,,"CORREA, Jose Luis",C001110,1958.0,,-0.28,0.274,-14.47796,0.9563,324,6,,-0.306,-0.06
117,House,21728,71,17,CA,100,,,"KHANNA, Rohit",K000389,1976.0,,-0.564,-0.272,-6.16145,0.98116,324,3,,-0.352,-0.419
117,House,21740,71,20,CA,100,,,"PANETTA, James Varni",P000613,1969.0,,-0.308,0.073,-9.96239,0.96981,325,5,,-0.38,0.43
117,House,21754,71,34,CA,100,,,"GOMEZ, Jimmy",G000585,1974.0,,-0.581,-0.136,-5.7992,0.98204,320,2,,-0.364,-0.449
117,House,21930,71,10,CA,100,,,"HARDER, Josh",H001090,1986.0,,-0.377,0.717,-10.47376,0.96819,324,4,,-0.355,0.558
117,House,21939,71,49,CA,100,,,"LEVIN, Mike",L000593,1978.0,,-0.374,0.195,-6.49348,0.98022,325,4,,-0.464,0.472
117,House,21954,71,45,CA,100,,,"PORTER, Katie",P000618,1974.0,,-0.185,-0.091,-28.68773,0.91551,325,8,,-0.27,-0.381
117,House,21988,71,25,CA,200,,,"GARCIA, Mike",G000061,1976.0,,0.394,0.07,-46.88302,0.8645,322,18,,0.399,-0.019
117,House,22126,71,53,CA,100,,,"JACOBS, Sara",J000305,1989.0,,-0.331,-0.496,-7.22639,0.97788,323,3,,-0.33,-0.498
117,House,22129,71,39,CA,200,,,"KIM, Young",K000397,1962.0,,0.26,0.223,-38.65774,0.88687,322,15,,0.256,0.235
117,House,22145,71,8,CA,200,,,"OBERNOLTE, Jay",O000019,1970.0,,0.279,0.489,-42.63174,0.87563,321,20,,0.276,0.502
117,House,22152,71,48,CA,200,,,"STEEL, Michelle",S001135,1955.0,,0.332,0.465,-24.13202,0.92692,318,10,,0.33,0.473
117,House,29106,71,43,CA,100,,,"WATERS, Maxine",W000187,1938.0,,-0.654,-0.076,-21.59864,0.93353,314,9,,-0.854,-0.15
117,House,29312,71,18,CA,100,,,"ESHOO, Anna Georges",E000215,1942.0,,-0.381,-0.421,-7.52061,0.97684,321,2,,-0.349,-0.209
117,House,29317,71,40,CA,100,,,"ROYBAL-ALLARD, Lucille",R000486,1941.0,,-0.469,-0.181,-7.89658,0.97577,322,3,,-0.366,-0.023
117,House,29323,71,42,CA,200,,,"CALVERT, Ken",C000059,1953.0,,0.35,0.226,-25.29697,0.92353,318,11,,0.363,0.586
117,House,29504,71,19,CA,100,,,"LOFGREN, Zoe",L000397,1947.0,,-0.402,-0.439,-8.608,0.97321,317,2,,-0.42,-0.125
117,House,29707,71,30,CA,100,,,"SHERMAN, Brad",S000344,1954.0,,-0.342,-0.144,-6.86739,0.97903,324,3,,-0.449,0.201
117,House,29778,71,13,CA,100,,,"LEE, Barbara",L000551,1946.0,,-0.682,-0.584,-5.4033,0.98336,322,2,,-0.515,-0.524
117,House,29901,71,5,CA,100,,,"THOMPSON, Michael",T000460,1951.0,,-0.395,0.066,-10.35354,0.96855,324,5,,-0.246,-0.06
117,House,29903,71,32,CA,100,,,"NAPOLITANO, Grace Flores",N000179,1936.0,,-0.448,-0.247,-4.77222,0.98538,324,1,,-0.414,-0.22
117,House,20704,62,5,CO,200,,,"LAMBORN, Doug",L000564,1954.0,,0.676,0.208,-32.79941,0.902,318,16,,0.617,0.258
117,House,20705,62,7,CO,100,,,"PERLMUTTER, Ed",P000593,1953.0,,-0.282,0.076,-8.12547,0.97531,325,5,,-0.295,0.122
117,House,21510,62,4,CO,200,,,"BUCK, Kenneth Robert",B001297,1959.0,,0.728,-0.443,-62.16852,0.81722,308,36,,0.672,-0.436
117,House,21912,62,6,CO,100,,,"CROW, Jason",C001121,1979.0,,-0.279,0.382,-9.00227,0.9726,324,3,,-0.424,0.416
117,House,21948,62,2,CO,100,,,"NEGUSE, Joseph",N000191,1984.0,,-0.426,-0.366,-5.05972,0.98455,325,1,,-0.348,-0.292
117,House,22103,62,3,CO,200,,,"BOEBERT, Lauren",B000825,1986.0,,0.778,-0.486,-44.48617,0.86751,313,25,,0.778,-0.486
117,House,29710,62,1,CO,100,,,"DeGETTE, Diana",D000197,1957.0,,-0.431,-0.309,-8.4052,0.97423,322,4,,-0.31,-0.281
117,House,20706,1,2,CT,100,,,"COURTNEY, Joe",C001069,1953.0,,-0.344,0.016,-8.76293,0.9734,325,6,,-0.29,-0.093
117,House,20907,1,4,CT,100,,,"HIMES, James A.",H001047,1966.0,,-0.243,-0.235,-7.94907,0.97576,324,3,,-0.247,-0.143
117,House,21931,1,5,CT,100,,,"HAYES, Jahana",H001081,1973.0,,-0.365,-0.089,-15.50219,0.95342,325,7,,-0.343,-0.21
117,House,29109,1,3,CT,100,,,"DeLAURO, Rosa L.",D000216,1943.0,,-0.415,-0.118,-14.11245,0.95725,323,8,,-0.362,-0.194
117,House,29908,1,1,CT,100,,,"LARSON, John B.",L000557,1948.0,,-0.397,-0.05,-9.39485,0.97098,319,4,,-0.29,-0.094
117,House,21706,11,1,DE,100,,,"BLUNT ROCHESTER, Lisa",B001303,1962.0,,-0.334,-0.133,-5.92701,0.98187,324,2,,-0.41,-0.189
117,House,20316,43,25,FL,200,,,"DIAZ-BALART, Mario",D000600,1961.0,,0.281,0.126,-38.93814,0.88509,319,15,,0.296,0.354
117,House,20504,43,23,FL,100,,,"WASSERMAN SCHULTZ, Debbie",W000797,1966.0,,-0.42,0.071,-12.83236,0.96117,324,5,,-0.274,0.019
117,House,20708,43,14,FL,100,,,"CASTOR, Kathy",C001066,1966.0,,-0.439,0.047,-7.68834,0.97626,320,5,,-0.53,0.223
117,House,20709,43,16,FL,200,,,"BUCHANAN, Vernon G.",B001260,1951.0,,0.36,-0.121,-35.00316,0.89546,317,9,,0.387,0.262
117,House,20758,43,12,FL,200,,,"BILIRAKIS, Gus",B001257,1963.0,,0.405,0.024,-28.23634,0.91529,319,8,,0.428,0.105
117,House,20909,43,8,FL,200,,,"POSEY, Bill",P000599,1947.0,,0.527,-0.332,-56.86232,0.83673,319,24,,0.589,-0.308
117,House,20959,43,22,FL,100,,,"DEUTCH, Theodore E. (Ted)",D000610,1966.0,,-0.4,-0.086,-6.81521,0.97886,319,4,,-0.448,0.238
117,House,21116,43,11,FL,200,,,"WEBSTER, Daniel A.",W000806,1949.0,,0.511,-0.047,-32.83967,0.89007,282,14,,0.555,-0.007
117,House,21118,43,24,FL,100,,,"WILSON, Frederica",W000808,1942.0,,-0.478,-0.018,-5.03591,0.98458,324,2,,-0.586,-0.077
117,House,21321,43,21,FL,100,,,"FRANKEL, Lois",F000462,1948.0,,-0.4,-0.08,-7.1493,0.97811,323,5,,-0.512,0.083
117,House,21712,43,13,FL,100,,,"CRIST, Charlie Joseph Jr.",C001111,1956.0,,-0.225,0.059,-7.84938,0.97592,322,4,,-0.259,0.22
117,House,21713,43,10,FL,100,,,"DEMINGS, Valdez Butler",D000627,1957.0,,-0.338,-0.056,-10.89154,0.96704,325,7,,-0.315,0.307
117,House,21714,43,2,FL,200,,,"DUNN, Neal Patrick",D000628,1953.0,,0.526,0.281,-24.06611,0.92645,315,6,,0.477,0.641
117,House,21719,43,1,FL,200,,,"GAETZ, Matthew L. II",G000578,1982.0,,0.62,-0.612,-82.09892,0.76928,313,32,,0.6,-0.707
117,House,21732,43,5,FL,100,,,"LAWSON, Alfred Jr.",L000586,1948.0,,-0.259,0.069,-10.10701,0.9691,322,5,,-0.532,0.27
117,House,21735,43,18,FL,200,,,"MAST, Brian Jeffery",M001199,1980.0,,0.452,-0.361,-73.12163,0.79284,315,37,,0.549,-0.369
117,House,21738,43,7,FL,100,,,"MURPHY, Stephanie",M001202,1978.0,,-0.16,0.095,-16.9752,0.94655,309,7,,-0.192,0.222
117,House,21744,43,4,FL,200,,,"RUTHERFORD, John Henry",R000609,1952.0,,0.423,0.084,-66.84365,0.81254,322,24,,0.518,-0.122
117,House,21746,43,9,FL,100,,,"SOTO, Darren Michael",S001200,1978.0,,-0.379,0.134,-5.49015,0.98315,323,2,,-0.325,0.149
117,House,21971,43,17,FL,200,,,"STEUBE, William",S001214,1978.0,,0.67,-0.305,-43.25894,0.87429,322,20,,0.723,-0.168
117,House,21981,43,6,FL,200,,,"WALTZ, Michael",W000823,1974.0,,0.415,-0.079,-23.94822,0.92811,321,5,,0.435,0.274
117,House,22107,43,3,FL,200,,,"CAMMACK, Kat",C001039,1988.0,,0.654,-0.188,-37.53274,0.88998,322,19,,0.654,-0.188
117,House,22111,43,19,FL,200,,,"DONALDS, Byron",D000032,1978.0,,0.684,-0.13,-28.93969,0.91169,313,14,,0.684,-0.13
117,House,22116,43,15,FL,200,,,"FRANKLIN, C. Scott",F000472,1964.0,,0.577,0.395,-23.29778,0.92957,319,6,,0.577,0.395
117,House,22118,43,26,FL,200,,,"GIMENEZ, Carlos A.",G000593,1954.0,,0.272,0.178,-41.1081,0.88119,325,15,,0.268,0.189
117,House,22150,43,27,FL,200,,,"SALAZAR, Maria Elvira",S000168,1961.0,,0.281,0.009,-43.86923,0.86844,311,19,,0.277,0.017
117,House,29337,43,20,FL,100,,,"HASTINGS, Alcee Lamar",H000324,1936.0,,-0.564,0.157,-1.0145,0.988,84,0,,-0.567,-0.227
117,House,20321,44,13,GA,100,,,"SCOTT, David",S001157,1945.0,,-0.302,0.163,-6.38584,0.98006,317,1,,-0.383,0.232
117,House,20712,44,4,GA,100,,,"JOHNSON, Hank",J000288,1954.0,,-0.469,0.005,-10.70844,0.96699,319,5,,-0.466,-0.278
117,House,21123,44,8,GA,200,,,"SCOTT, Austin",S001189,1969.0,,0.566,0.207,-19.37855,0.93883,307,8,,0.545,0.306
117,House,21513,44,1,GA,200,,,"CARTER, Buddy",C001103,1957.0,,0.583,0.288,-14.80132,0.94851,280,4,,0.634,0.738
117,House,21514,44,10,GA,200,,,"HICE, Jody Brownlow",H001071,1960.0,,0.791,-0.171,-42.73885,0.87043,308,22,,0.75,-0.361
117,House,21515,44,11,GA,200,,,"LOUDERMILK, Barry D.",L000583,1963.0,,0.695,-0.013,-24.05799,0.92439,306,12,,0.717,-0.01
117,House,21516,44,12,GA,200,,,"ALLEN, Rick W.",A000372,1951.0,,0.695,0.276,-29.66146,0.91121,319,14,,0.829,0.531
117,House,21717,44,3,GA,200,,,"FERGUSON, Anderson Drew IV",F000465,1966.0,,0.597,0.15,-27.99766,0.91623,320,12,,0.513,0.156
117,House,21944,44,6,GA,100,,,"McBATH, Lucy",M001208,1960.0,,-0.265,0.394,-8.37264,0.97457,325,4,,-0.412,0.678
117,House,22104,44,7,GA,100,,,"BOURDEAUX, Carolyn",B001312,1970.0,,-0.283,0.556,-12.21975,0.9631,325,3,,-0.283,0.556
117,House,22110,44,9,GA,200,,,"CLYDE, Andrew S.",C001116,1963.0,,0.793,-0.21,-35.45679,0.89093,307,16,,0.793,-0.21
117,House,22121,44,14,GA,200,,,"GREENE, Marjorie Taylor",G000596,1974.0,,0.8,-0.6,-41.29601,0.87822,318,21,,0.783,-0.622
117,House,22156,44,5,GA,100,,,"WILLIAMS, Nikema",W000788,1978.0,,-0.33,-0.364,-6.05601,0.98148,324,3,,-0.328,-0.367
117,House,29339,44,2,GA,100,,,"BISHOP, Sanford Dixon, Jr.",B000490,1947.0,,-0.283,0.462,-10.12139,0.96877,319,4,,-0.487,0.478
117,House,20322,82,1,HI,100,,,"CASE, Ed",C001055,1952.0,,-0.196,-0.107,-22.28354,0.93314,322,7,,-0.173,0.1
117,House,22128,82,2,HI,100,,,"KAHELE, Kaialiʻi",K000396,1974.0,,-0.317,-0.032,-7.8413,0.97594,322,3,,-0.317,-0.033
117,House,21920,63,1,ID,200,,,"FULCHER, Russell",F000469,1962.0,,0.64,0.007,-32.82226,0.89264,289,16,,0.681,0.014
117,House,29910,63,2,ID,200,,,"SIMPSON, Michael K.",S001148,1950.0,,0.297,0.288,-35.85735,0.88734,300,17,,0.274,0.397
117,House,20749,21,11,IL,100,,,"FOSTER, Bill",F000454,1955.0,,-0.23,-0.225,-8.27713,0.97478,324,2,,-0.439,-0.063
117,House,20954,21,5,IL,100,,,"QUIGLEY, Mike",Q000023,1958.0,,-0.322,-0.271,-7.53917,0.977,324,3,,-0.476,0.177
117,House,21128,21,16,IL,200,,,"KINZINGER, Adam",K000378,1978.0,,0.258,0.334,-61.72262,0.80404,283,26,,0.171,0.439
117,House,21326,21,10,IL,100,,,"SCHNEIDER, Brad",S001190,1961.0,,-0.178,-0.172,-14.66134,0.95549,322,7,,-0.418,0.615
117,House,21328,21,13,IL,200,,,"DAVIS, Rodney",D000619,1970.0,,0.272,0.18,-37.45601,0.88653,311,17,,0.25,0.217
117,House,21329,21,17,IL,100,,,"BUSTOS, Cheri",B001286,1961.0,,-0.238,0.046,-12.38289,0.96204,320,5,,-0.249,0.361
117,House,21371,21,2,IL,100,,,"KELLY, Robin L.",K000385,1956.0,,-0.461,-0.011,-7.92859,0.97568,322,4,,-0.43,-0.212
117,House,21519,21,12,IL,200,,,"BOST, Mike",B001295,1960.0,,0.276,0.466,-37.03221,0.88706,309,20,,0.295,0.273
117,House,21562,21,18,IL,200,,,"LaHOOD, Darin",L000585,1968.0,,0.465,0.196,-15.96337,0.95178,323,6,,0.475,0.573
117,House,21730,21,8,IL,100,,,"KRISHNAMOORTHI, S. Raja",K000391,1973.0,,-0.317,-0.107,-5.71759,0.98251,324,3,,-0.343,-0.108
117,House,21906,21,6,IL,100,,,"CASTEN, Sean",C001117,1971.0,,-0.477,0.23,-37.15719,0.89196,325,11,,-0.867,0.499
117,House,21921,21,4,IL,100,,,"GARCÍA, Jesús",G000586,1956.0,,-0.451,-0.751,-5.38917,0.98345,323,1,,-0.444,-0.72
117,House,21979,21,14,IL,100,,,"UNDERWOOD, Lauren",U000040,1986.0,,-0.546,0.632,-6.76288,0.97941,325,5,,-0.524,0.59
117,House,22138,21,15,IL,200,,,"MILLER, Mary E.",M001211,1959.0,,0.799,-0.339,-34.33862,0.89418,307,19,,0.799,-0.339
117,House,22144,21,3,IL,100,,,"NEWMAN, Marie",N000192,1964.0,,-0.623,-0.185,-4.5916,0.98589,323,3,,-0.623,-0.186
117,House,29346,21,1,IL,100,,,"RUSH, Bobby L.",R000515,1946.0,,-0.479,-0.204,-5.00354,0.98472,325,2,,-0.609,-0.176
117,House,29717,21,7,IL,100,,,"DAVIS, Danny K.",D000096,1941.0,,-0.486,-0.263,-7.35597,0.97692,315,3,,-0.44,-0.368
117,House,29911,21,9,IL,100,,,"SCHAKOWSKY, Janice D.",S001145,1944.0,,-0.606,-0.268,-6.92421,0.97853,319,4,,-0.352,-0.419
117,House,20757,22,7,IN,100,,,"CARSON, André",C001072,1974.0,,-0.43,0.057,-7.44221,0.97722,323,5,,-0.369,-0.147
117,House,21132,22,8,IN,200,,,"BUCSHON, Larry",B001275,1962.0,,0.409,0.257,-19.48199,0.94021,316,7,,0.428,0.303
117,House,21330,22,2,IN,200,,,"WALORSKI, Jackie",W000813,1963.0,,0.428,0.335,-14.95455,0.95489,324,4,,0.441,0.569
117,House,21702,22,3,IN,200,,,"BANKS, James E.",B001299,1979.0,,0.639,0.029,-32.01463,0.90128,308,11,,0.658,0.152
117,House,21725,22,9,IN,200,,,"HOLLINGSWORTH, Joseph Albert III",H001074,1983.0,,0.413,-0.243,-57.01458,0.83773,322,19,,0.393,-0.203
117,House,21903,22,4,IN,200,,,"BAIRD, James",B001307,1945.0,,0.462,0.418,-39.49889,0.88523,324,13,,0.525,0.131
117,House,21952,22,6,IN,200,,,"PENCE, Gregory",P000615,1956.0,,0.486,0.299,-31.44297,0.90384,311,12,,0.576,0.247
117,House,22142,22,1,IN,100,,,"MRVAN, Frank J.",M001214,1969.0,,-0.348,0.152,-4.98402,0.98464,322,1,,-0.348,0.151
117,House,22151,22,5,IN,200,,,"SPARTZ, Victoria",S000929,1978.0,,0.436,-0.055,-37.1515,0.89198,325,10,,0.435,-0.055
117,House,21902,31,3,IA,100,,,"AXNE, Cynthia",A000378,1965.0,,-0.241,0.543,-8.17073,0.9751,324,3,,-0.273,0.462
117,House,22113,31,4,IA,200,,,"FEENSTRA, Randy",F000446,1969.0,,0.432,0.276,-18.20008,0.94554,325,7,,0.431,0.277
117,House,22124,31,1,IA,200,,,"HINSON, Ashley",H001091,1983.0,,0.403,-0.045,-41.10528,0.88119,325,15,,0.402,-0.044
117,House,22139,31,2,IA,200,,,"MILLER-MEEKS, Mariannette",M001215,1955.0,,0.278,0.436,-31.31774,0.90621,318,13,,0.274,0.45
117,House,21750,32,4,KS,200,,,"ESTES, Ron",E000298,1956.0,,0.615,0.065,-25.38101,0.92329,318,12,,0.653,0.054
117,House,21914,32,3,KS,100,,,"DAVIDS, Sharice",D000629,1980.0,,-0.254,0.23,-8.22773,0.975,325,3,,-0.261,0.299
117,House,22130,32,2,KS,200,,,"LATURNER, Jake",L000266,1988.0,,0.515,0.353,-16.11897,0.95103,321,6,,0.515,0.353
117,House,22134,32,1,KS,200,,,"MANN, Tracey",M000871,1976.0,,0.692,0.233,-29.07549,0.91442,325,14,,0.692,0.233
117,House,14854,51,5,KY,200,,,"ROGERS, Harold Dallas (Hal)",R000395,1937.0,,0.338,0.116,-31.90661,0.90538,321,14,,0.359,0.494
117,House,20723,51,3,KY,100,,,"YARMUTH, John",Y000062,1947.0,,-0.378,-0.27,-9.85496,0.96891,312,3,,-0.286,-0.359
117,House,20916,51,2,KY,200,,,"GUTHRIE, Brett",G000558,1964.0,,0.42,0.276,-15.64182,0.95301,325,6,,0.403,0.381
117,House,21333,51,6,KY,200,,,"BARR, Garland H. (Andy) IV",B001282,1973.0,,0.486,0.308,-14.76725,0.95476,319,6,,0.434,0.388
117,House,21565,51,1,KY,200,,,"COMER, James",C001108,1972.0,,0.596,-0.025,-52.49521,0.84957,322,25,,0.5,-0.111
117,House,31102,51,4,KY,200,,,"MASSIE, Thomas",M001184,1971.0,,0.68,-0.733,-80.6345,0.77908,323,36,,0.67,-0.742
117,House,20759,45,1,LA,200,,,"SCALISE, Steve",S001176,1965.0,,0.558,0.164,-18.93382,0.94184,316,6,,0.501,0.483
117,House,21137,45,2,LA,100,,,"RICHMOND, Cedric",R000588,1973.0,,-0.486,0.332,-0.00248,0.99982,14,0,,-0.387,-0.04
117,House,21523,45,6,LA,200,,,"GRAVES, Garret",G000577,1972.0,,0.453,-0.027,-39.29256,0.88342,317,13,,0.375,0.482
117,House,21724,45,3,LA,200,,,"HIGGINS, Clay",H001077,1961.0,,0.601,-0.243,-73.86293,0.7527,260,34,,0.651,-0.409
117,House,21727,45,4,LA,200,,,"JOHNSON, Mike",J000299,1972.0,,0.562,-0.033,-28.87595,0.90995,306,15,,0.609,0.082
117,House,22157,45,5,LA,200,,,"LETLOW, Julia",L000595,1981.0,,0.422,0.597,-17.39701,0.92745,231,5,,0.42,0.603
117,House,22158,45,2,LA,100,,,"CARTER, Troy",C001125,1963.0,,-0.287,-0.125,-5.61837,0.97297,205,3,,-0.286,-0.128
117,House,20920,2,1,ME,100,,,"PINGREE, Chellie",P000597,1955.0,,-0.42,-0.391,-11.56701,0.96482,323,3,,-0.344,-0.283
117,House,21923,2,2,ME,100,,,"GOLDEN, Jared",G000592,1982.0,,-0.111,0.315,-55.48429,0.83166,301,24,,-0.094,0.224
117,House,14873,52,5,MD,100,,,"HOYER, Steny Hamilton",H000874,1939.0,,-0.38,0.118,-5.31211,0.98349,319,2,,-0.449,0.385
117,House,15433,52,7,MD,100,,,"MFUME, Kweisi",M000687,1948.0,,-0.447,-0.421,-5.95172,0.9814,317,2,,-0.507,-0.156
117,House,20329,52,2,MD,100,,,"RUPPERSBERGER, C. A. (Dutch)",R000576,1946.0,,-0.295,0.131,-7.37143,0.97709,318,4,,-0.295,-0.017
117,House,20724,52,3,MD,100,,,"SARBANES, John",S001168,1962.0,,-0.467,-0.071,-7.95882,0.97559,322,4,,-0.331,-0.111
117,House,21139,52,1,MD,200,,,"HARRIS, Andy",H001052,1957.0,,0.666,-0.388,-44.91674,0.86866,319,20,,0.763,-0.36
117,House,21707,52,4,MD,100,,,"BROWN, Anthony Gregory",B001304,1961.0,,-0.337,-0.091,-9.54236,0.97071,321,5,,-0.371,0.171
117,House,21741,52,8,MD,100,,,"RASKIN, Jamie Ben",R000606,1962.0,,-0.54,-0.249,-7.07307,0.97793,317,2,,-0.329,-0.419
117,House,21978,52,6,MD,100,,,"TRONE, David",T000483,1955.0,,-0.277,0.039,-5.80273,0.98203,320,1,,-0.318,0.255
117,House,15616,3,1,MA,100,,,"NEAL, Richard Edmund",N000015,1949.0,,-0.417,-0.108,-8.40607,0.97415,321,4,,-0.32,-0.034
117,House,20119,3,8,MA,100,,,"LYNCH, Stephen F.",L000562,1955.0,,-0.35,0.04,-9.8847,0.96977,322,4,,-0.264,0.152
117,House,21140,3,9,MA,100,,,"KEATING, William R.",K000375,1952.0,,-0.328,-0.124,-9.45108,0.97081,319,5,,-0.24,0.031
117,House,21375,3,5,MA,100,,,"CLARK, Katherine M.",C001101,1963.0,,-0.483,-0.365,-6.13242,0.98108,321,4,,-0.427,-0.309
117,House,21525,3,6,MA,100,,,"MOULTON, Seth",M001196,1978.0,,-0.284,-0.067,-11.77764,0.96441,325,3,,-0.223,-0.188
117,House,21955,3,7,MA,100,,,"PRESSLEY, Ayanna",P000617,1974.0,,-0.308,-0.951,-13.40615,0.95934,323,5,,-0.747,-0.665
117,House,21977,3,3,MA,100,,,"TRAHAN, Lori",T000482,1973.0,,-0.46,-0.121,-6.38072,0.9805,324,3,,-0.428,-0.06
117,House,22100,3,4,MA,100,,,"AUCHINCLOSS, Jake",A000148,1988.0,,-0.302,-0.413,-4.65173,0.98566,322,2,,-0.3,-0.415
117,House,29729,3,2,MA,100,,,"McGOVERN, James P.",M000312,1959.0,,-0.539,-0.307,-5.66655,0.98266,324,3,,-0.6,-0.438
117,House,15446,23,6,MI,200,,,"UPTON, Frederick Stephen",U000031,1953.0,,0.329,-0.373,-74.41786,0.79535,325,39,,0.211,-0.016
117,House,20725,23,7,MI,200,,,"WALBERG, Tim",W000798,1951.0,,0.514,0.089,-29.71601,0.91236,324,10,,0.461,0.353
117,House,21142,23,2,MI,200,,,"HUIZENGA, Bill",H001058,1969.0,,0.571,-0.065,-35.035,0.8966,321,9,,0.513,-0.029
117,House,21372,23,5,MI,100,,,"KILDEE, Dan",K000380,1958.0,,-0.395,-0.224,-5.54328,0.98309,325,2,,-0.3,-0.415
117,House,21526,23,4,MI,200,,,"MOOLENAAR, John",M001194,1961.0,,0.398,0.416,-20.26218,0.93956,325,9,,0.409,0.337
117,House,21529,23,12,MI,100,,,"DINGELL, Debbie",D000624,1953.0,,-0.408,-0.138,-10.20705,0.96889,323,2,,-0.392,-0.075
117,House,21530,23,14,MI,100,,,"LAWRENCE, Brenda L",L000581,1954.0,,-0.448,-0.027,-7.1866,0.978,323,4,,-0.61,0.112
117,House,21704,23,1,MI,200,,,"BERGMAN, John",B001301,1947.0,,0.437,0.092,-24.96142,0.92541,322,7,,0.483,0.315
117,House,21940,23,9,MI,100,,,"LEVIN, Andy",L000592,1960.0,,-0.529,-0.534,-4.16062,0.98724,324,1,,-0.515,-0.524
117,House,21965,23,8,MI,100,,,"SLOTKIN, Elissa",S001208,1976.0,,-0.319,0.81,-19.28152,0.94223,324,4,,-0.418,0.908
117,House,21972,23,11,MI,100,,,"STEVENS, Haley",S001215,1983.0,,-0.33,0.373,-8.35319,0.97463,325,5,,-0.292,0.378
117,House,21975,23,13,MI,100,,,"TLAIB, Rashida",T000481,1976.0,,-0.251,-0.968,-20.33823,0.93842,320,11,,-0.984,-0.179
117,House,22136,23,10,MI,200,,,"MCCLAIN, Lisa C.",M001136,1966.0,,0.517,0.815,-18.12081,0.94561,324,6,,0.517,0.816
117,House,22137,23,3,MI,200,,,"MEIJER, Peter",M001186,1988.0,,0.259,0.147,-49.04195,0.85953,324,22,,0.255,0.158
117,House,20122,33,4,MN,100,,,"McCOLLUM, Betty",M001143,1954.0,,-0.417,-0.188,-11.22594,0.96574,322,6,,-0.334,-0.223
117,House,21531,33,6,MN,200,,,"EMMER, Thomas Earl II",E000294,1961.0,,0.452,-0.047,-33.76803,0.89804,314,12,,0.406,0.082
117,House,21910,33,2,MN,100,,,"CRAIG, Angela",C001119,1972.0,,-0.313,0.701,-9.20954,0.97189,323,1,,-0.333,0.708
117,House,21929,33,1,MN,200,,,"HAGEDORN, Jim",H001088,1962.0,,0.471,0.362,-13.9206,0.95538,305,7,,0.514,0.368
117,House,21950,33,5,MN,100,,,"OMAR, Ilhan",O000173,1982.0,,-0.285,-0.958,-18.75625,0.94324,321,9,,-0.984,-0.179
117,House,21953,33,3,MN,100,,,"PHILLIPS, Dean",P000616,1969.0,,-0.258,0.158,-16.18402,0.95098,322,9,,-0.519,0.855
117,House,21969,33,8,MN,200,,,"STAUBER, Peter",S001212,1966.0,,0.305,0.118,-42.00742,0.87734,321,19,,0.349,0.022
117,House,22114,33,7,MN,200,,,"FISCHBACH, Michelle",F000470,1965.0,,0.511,0.378,-14.24993,0.9571,325,5,,0.511,0.379
117,House,21148,46,4,MS,200,,,"PALAZZO, Steven",P000601,1970.0,,0.534,0.503,-30.1994,0.911,324,13,,0.687,0.448
117,House,21561,46,1,MS,200,,,"KELLY, Trent",K000388,1966.0,,0.637,0.254,-19.9114,0.93949,319,7,,0.699,0.495
117,House,21927,46,3,MS,200,,,"GUEST, Michael",G000591,1970.0,,0.513,0.183,-26.74787,0.91656,307,12,,0.607,0.21
117,House,29368,46,2,MS,100,,,"THOMPSON, Bennie",T000193,1948.0,,-0.516,0.399,-13.5056,0.95917,324,6,,-0.637,0.676
117,House,20124,34,6,MO,200,,,"GRAVES, Samuel",G000546,1963.0,,0.444,0.181,-21.25795,0.93592,321,9,,0.505,0.508
117,House,20517,34,5,MO,100,,,"CLEAVER, Emanuel, II",C001061,1944.0,,-0.453,0.016,-6.11574,0.98113,321,2,,-0.447,0.121
117,House,20926,34,3,MO,200,,,"LUETKEMEYER, Blaine",L000569,1952.0,,0.441,0.259,-36.97452,0.88925,315,12,,0.495,0.208
117,House,21149,34,4,MO,200,,,"HARTZLER, Vicky",H001053,1960.0,,0.465,0.294,-28.54818,0.9112,307,8,,0.49,0.062
117,House,21150,34,7,MO,200,,,"LONG, Billy",L000576,1955.0,,0.545,0.238,-24.46559,0.92595,318,9,,0.467,0.784
117,House,21337,34,2,MO,200,,,"WAGNER, Ann",W000812,1962.0,,0.432,0.145,-26.25401,0.92217,324,11,,0.372,0.217
117,House,21373,34,8,MO,200,,,"SMITH, Jason",S001195,1980.0,,0.594,0.176,-22.23041,0.93329,322,8,,0.557,0.215
117,House,22106,34,1,MO,100,,,"BUSH, Cori",B001224,1976.0,,-0.239,-0.971,-31.41597,0.90677,321,14,,-0.984,-0.179
117,House,22148,64,1,MT,200,,,"ROSENDALE, Matthew M., Sr.",R000103,1960.0,,0.758,-0.505,-53.59206,0.84491,318,26,,0.758,-0.505
117,House,20518,35,1,NE,200,,,"FORTENBERRY, Jeff",F000449,1960.0,,0.303,-0.062,-43.1625,0.87345,319,17,,0.354,-0.108
117,House,20729,35,3,NE,200,,,"SMITH, Adrian",S001172,1970.0,,0.516,0.197,-16.10695,0.94937,310,6,,0.508,0.785
117,House,21701,35,2,NE,200,,,"BACON, Donald J.",B001298,1963.0,,0.376,-0.075,-54.66317,0.84475,324,26,,0.304,-0.022
117,House,20927,65,1,NV,100,,,"TITUS, Alice (Dina)",T000468,1950.0,,-0.303,-0.215,-5.81343,0.982,320,2,,-0.326,-0.197
117,House,21196,65,2,NV,200,,,"AMODEI, Mark E.",A000369,1958.0,,0.379,0.192,-33.84547,0.89934,319,13,,0.339,0.175
117,House,21339,65,4,NV,100,,,"HORSFORD, Steven",H001066,1973.0,,-0.352,0.115,-13.13024,0.95992,321,6,,-0.587,0.794
117,House,21938,65,3,NV,100,,,"LEE, Susie",L000590,1966.0,,-0.296,0.45,-14.14056,0.9569,321,5,,-0.249,0.489
117,House,21340,4,2,NH,100,,,"KUSTER, Ann McLane",K000382,1956.0,,-0.256,-0.118,-7.77663,0.97636,325,5,,-0.305,0.099
117,House,21951,4,1,NH,100,,,"PAPPAS, Chris",P000614,1980.0,,-0.288,0.356,-10.39453,0.96843,324,5,,-0.248,0.474
117,House,14863,12,4,NJ,200,,,"SMITH, Christopher Henry",S000522,1953.0,,0.167,-0.167,-80.96438,0.7746,317,36,,0.267,-0.213
117,House,15454,12,6,NJ,100,,,"PALLONE, Frank, Jr.",P000034,1951.0,,-0.404,-0.166,-5.63954,0.9828,325,1,,-0.352,-0.419
117,House,20542,12,8,NJ,100,,,"SIRES, Albio",S001165,1951.0,,-0.403,0.096,-17.81521,0.94601,321,4,,-0.215,-0.002
117,House,21536,12,1,NJ,100,,,"NORCROSS, Donald",N000188,1958.0,,-0.425,0.328,-5.69275,0.98253,323,2,,-0.41,0.399
117,House,21538,12,12,NJ,100,,,"WATSON COLEMAN, Bonnie",W000822,1945.0,,-0.623,-0.135,-9.29006,0.97182,325,2,,-0.409,-0.295
117,House,21723,12,5,NJ,100,,,"GOTTHEIMER, Josh S.",G000583,1975.0,,-0.149,0.236,-12.82592,0.96071,320,4,,-0.263,0.556
117,House,21937,12,3,NJ,100,,,"KIM, Andy",K000394,1982.0,,-0.285,0.406,-8.21728,0.97503,325,2,,-0.395,0.518
117,House,21942,12,7,NJ,100,,,"MALINOWSKI, Tomaz",M001203,1965.0,,-0.279,0.176,-21.66381,0.93493,322,10,,-0.529,0.849
117,House,21964,12,11,NJ,100,,,"SHERRILL, Mikie",S001207,1972.0,,-0.198,0.282,-10.31037,0.96718,309,5,,-0.278,0.48
117,House,29741,12,9,NJ,100,,,"PASCRELL, William J., Jr.",P000096,1937.0,,-0.366,-0.006,-5.39538,0.98323,319,1,,-0.304,-0.158
117,House,31103,12,10,NJ,100,,,"PAYNE, Donald, Jr.",P000604,1958.0,,-0.519,-0.103,-5.03736,0.98457,324,2,,-0.609,-0.176
117,House,91980,12,2,NJ,200,,,"VAN DREW, Jefferson",V000133,1953.0,,0.225,-0.237,-82.42768,0.77229,319,36,,0.276,-0.299
117,House,21928,66,1,NM,100,,,"HAALAND, Debra",H001080,1960.0,,-0.332,-0.233,-1.32643,0.98149,71,1,,-0.567,-0.214
117,House,22123,66,2,NM,200,,,"HERRELL, Yvette",H001084,1964.0,,0.936,0.352,-40.58159,0.87767,311,19,,0.811,-0.057
117,House,22131,66,3,NM,100,,,"LEGER FERNANDEZ, Teresa",L000273,1959.0,,-0.418,-0.269,-3.54004,0.98903,321,0,,-0.417,-0.271
117,House,22159,66,1,NM,100,,,"STANSBURY, Melanie Ann",S001218,1979.0,,-0.593,-0.246,-5.48131,0.97033,182,2,,-0.593,-0.247
117,House,20519,13,26,NY,100,,,"HIGGINS, Brian",H001038,1959.0,,-0.347,-0.032,-6.99501,0.97851,322,4,,-0.404,0.058
117,House,20733,13,9,NY,100,,,"CLARKE, Yvette Diane",C001067,1964.0,,-0.614,-0.219,-5.50662,0.98289,319,2,,-0.513,-0.524
117,House,20934,13,20,NY,100,,,"TONKO, Paul",T000469,1949.0,,-0.42,-0.264,-3.54452,0.98912,324,0,,-0.418,-0.27
117,House,21101,13,23,NY,200,,,"REED, Thomas W. II",R000585,1971.0,,0.273,0.111,-61.42483,0.82535,320,22,,0.247,0.083
117,House,21342,13,6,NY,100,,,"MENG, Grace",M001188,1975.0,,-0.376,-0.198,-12.13003,0.96314,323,4,,-0.409,-0.551
117,House,21343,13,8,NY,100,,,"JEFFRIES, Hakeem",J000294,1970.0,,-0.488,-0.09,-5.13071,0.98429,324,2,,-0.501,-0.063
117,House,21344,13,18,NY,100,,,"MALONEY, Sean Patrick",M001185,1966.0,,-0.238,0.115,-8.23248,0.97483,323,3,,-0.272,-0.123
117,House,21539,13,1,NY,200,,,"ZELDIN, Lee M",Z000017,1980.0,,0.396,-0.139,-46.59386,0.86489,321,22,,0.446,-0.167
117,House,21540,13,4,NY,100,,,"RICE, Kathleen Maura",R000602,1965.0,,-0.287,0.035,-7.16471,0.97806,323,4,,-0.387,0.298
117,House,21541,13,21,NY,200,,,"STEFANIK, Elise M",S001196,1984.0,,0.242,-0.008,-66.10037,0.81337,320,33,,0.39,0.26
117,House,21542,13,24,NY,200,,,"KATKO, John",K000386,1962.0,,0.194,-0.001,-57.00364,0.83729,321,30,,0.17,-0.074
117,House,21715,13,13,NY,100,,,"ESPAILLAT, Adriano J.",E000297,1954.0,,-0.615,-0.222,-9.8818,0.96987,323,5,,-0.456,-0.641
117,House,21747,13,3,NY,100,,,"SUOZZI, Thomas",S001201,1962.0,,-0.215,0.086,-6.62019,0.97965,322,1,,-0.269,0.106
117,House,21749,13,22,NY,200,,,"TENNEY, Claudia",T000478,1961.0,,0.342,0.332,-43.82433,0.86281,297,13,,0.438,0.05
117,House,21761,13,25,NY,100,,,"MORELLE, Joseph D.",M001206,1957.0,,-0.338,0.121,-4.99618,0.98465,323,1,,-0.348,0.151
117,House,21916,13,19,NY,100,,,"DELGADO, Antonio",D000630,1977.0,,-0.231,0.263,-8.40468,0.97447,325,4,,-0.314,0.559
117,House,21949,13,14,NY,100,,,"OCASIO-CORTEZ, Alexandria",O000172,1989.0,,-0.241,-0.971,-17.33228,0.94695,318,7,,-0.981,-0.192
117,House,21990,13,27,NY,200,,,"JACOBS, Chris",J000020,1966.0,,0.327,0.106,-33.48006,0.90007,318,13,,0.32,0.188
117,House,22105,13,16,NY,100,,,"BOWMAN, Jamaal",B001223,1976.0,,-0.314,-0.949,-18.74526,0.94328,321,7,,-0.981,-0.192
117,House,22117,13,2,NY,200,,,"GARBARINO, Andrew R.",G000597,1984.0,,0.266,0.024,-38.34158,0.88708,320,17,,0.27,0.007
117,House,22127,13,17,NY,100,,,"JONES, Mondaire",J000306,1987.0,,-0.393,-0.596,-7.1932,0.97784,321,4,,-0.391,-0.598
117,House,22133,13,11,NY,200,,,"MALLIOTAKIS, Nicole",M000317,1980.0,,0.251,0.304,-45.2291,0.86896,322,21,,0.263,0.272
117,House,22154,13,15,NY,100,,,"TORRES, Ritchie",T000486,1988.0,,-0.482,-0.313,-4.66026,0.98554,320,2,,-0.481,-0.315
117,House,29377,13,10,NY,100,,,"NADLER, Jerrold Lewis",N000002,1947.0,,-0.508,-0.499,-8.36249,0.97355,312,4,,-0.525,-0.159
117,House,29378,13,7,NY,100,,,"VELÁZQUEZ, Nydia M.",V000081,1953.0,,-0.547,-0.342,-6.03503,0.98149,323,2,,-0.464,-0.5
117,House,29379,13,12,NY,100,,,"MALONEY, Carolyn Bosher",M000087,1946.0,,-0.387,-0.281,-6.97325,0.97851,321,3,,-0.423,-0.258
117,House,29776,13,5,NY,100,,,"MEEKS, Gregory W.",M001137,1953.0,,-0.414,-0.074,-5.2714,0.98356,318,2,,-0.462,0.039
117,House,15438,47,4,NC,100,,,"PRICE, David Eugene",P000523,1940.0,,-0.343,-0.031,-5.76099,0.98221,321,2,,-0.437,0.02
117,House,20340,47,1,NC,100,,,"BUTTERFIELD, George Kenneth, Jr. (G.K.)",B001251,1947.0,,-0.403,0.184,-5.49383,0.98298,320,2,,-0.312,0.168
117,House,20521,47,5,NC,200,,,"FOXX, Virginia Ann",F000450,1943.0,,0.627,0.136,-41.00922,0.87901,318,14,,0.585,0.128
117,House,20522,47,10,NC,200,,,"McHENRY, Patrick T.",M001156,1975.0,,0.544,0.086,-44.56658,0.86364,304,17,,0.413,0.175
117,House,21346,47,8,NC,200,,,"HUDSON, Richard",H001067,1971.0,,0.564,0.107,-35.75915,0.89458,321,10,,0.468,0.099
117,House,21544,47,7,NC,200,,,"ROUZER, David",R000603,1972.0,,0.571,0.149,-32.15472,0.90496,322,14,,0.571,0.144
117,House,21545,47,12,NC,100,,,"ADAMS, Alma",A000370,1946.0,,-0.465,0.028,-6.76485,0.97921,322,3,,-0.439,0.19
117,House,21708,47,13,NC,200,,,"BUDD, Theodore Paul",B001305,1971.0,,0.67,-0.14,-45.94694,0.86702,322,19,,0.673,-0.163
117,House,21986,47,9,NC,200,,,"BISHOP, Dan",B001311,1964.0,,0.738,-0.131,-41.56078,0.87926,323,18,,0.695,-0.214
117,House,21987,47,3,NC,200,,,"MURPHY, Gregory Francis",M001210,1963.0,,0.481,-0.015,-57.61911,0.83284,315,20,,0.401,0.063
117,House,22109,47,11,NC,200,,,"CAWTHORN, Madison",C001104,1995.0,,0.553,-0.064,-34.84842,0.89269,307,16,,0.553,-0.064
117,House,22135,47,6,NC,100,,,"MANNING, Kathy E.",M001135,1956.0,,-0.33,0.112,-5.48928,0.98315,323,1,,-0.33,0.112
117,House,22149,47,2,NC,100,,,"ROSS, Deborah K.",R000305,1963.0,,-0.313,0.171,-4.7236,0.98553,324,0,,-0.313,0.171
117,House,21901,36,1,ND,200,,,"ARMSTRONG, Kelly",A000377,1976.0,,0.483,-0.042,-36.07485,0.88776,303,17,,0.522,-0.157
117,House,15029,24,9,OH,100,,,"KAPTUR, Marcia Carolyn (Marcy)",K000009,1946.0,,-0.35,0.109,-5.94237,0.98166,321,2,,-0.265,-0.025
117,House,20342,24,10,OH,200,,,"TURNER, Michael R.",T000463,1960.0,,0.276,0.213,-39.33643,0.88433,320,22,,0.367,0.271
117,House,20343,24,13,OH,100,,,"RYAN, Timothy J.",R000577,1973.0,,-0.402,0.21,-6.9897,0.97839,320,5,,-0.271,-0.125
117,House,20738,24,4,OH,200,,,"JORDAN, Jim",J000289,1964.0,,0.716,-0.205,-36.28619,0.88987,311,15,,0.712,-0.079
117,House,20755,24,5,OH,200,,,"LATTA, Robert E.",L000566,1956.0,,0.516,0.268,-15.13695,0.95449,325,5,,0.463,0.373
117,House,20941,24,11,OH,100,,,"FUDGE, Marcia L.",F000455,1952.0,,-0.581,0.14,-1.13895,0.97913,54,1,,-0.295,0.196
117,House,21162,24,6,OH,200,,,"JOHNSON, Bill",J000292,1954.0,,0.427,0.277,-25.40632,0.92458,324,7,,0.404,0.206
117,House,21163,24,15,OH,200,,,"STIVERS, Steve",S001187,1965.0,,0.3,0.269,-11.4027,0.90714,117,7,,0.283,0.201
117,House,21165,24,7,OH,200,,,"GIBBS, Bob",G000563,1954.0,,0.479,0.298,-29.76884,0.90759,307,10,,0.536,0.108
117,House,21351,24,2,OH,200,,,"WENSTRUP, Brad",W000815,1958.0,,0.543,0.195,-23.11646,0.9301,319,9,,0.468,0.245
117,House,21352,24,3,OH,100,,,"BEATTY, Joyce",B001281,1950.0,,-0.432,0.055,-7.58504,0.97672,322,6,,-0.604,0.053
117,House,21353,24,14,OH,200,,,"JOYCE, David",J000295,1957.0,,0.264,0.267,-33.24873,0.9019,322,15,,0.261,0.261
117,House,21564,24,8,OH,200,,,"DAVIDSON, Warren",D000626,1970.0,,0.678,-0.361,-71.16866,0.80059,320,29,,0.606,-0.406
117,House,21759,24,12,OH,200,,,"BALDERSON, Troy",B001306,1962.0,,0.416,0.397,-25.80084,0.92207,318,10,,0.41,0.201
117,House,21924,24,16,OH,200,,,"GONZALEZ, Anthony",G000588,1984.0,,0.264,0.29,-44.20841,0.87134,321,16,,0.231,0.323
117,House,22161,24,11,OH,100,,,"BROWN, Shontel  M.",B001313,1975.0,,,,,,,,,-0.265,0.512
117,House,22162,24,15,OH,200,,,"CAREY, Mike",C001126,1971.0,,,,,,,,,0.336,0.589
117,House,29550,24,1,OH,200,,,"CHABOT, Steve",C000266,1953.0,,0.562,-0.184,-38.0804,0.88911,324,19,,0.428,0.25
117,House,20344,53,4,OK,200,,,"COLE, Tom",C001053,1949.0,,0.332,0.364,-36.59321,0.89194,320,16,,0.348,0.431
117,House,21355,53,2,OK,200,,,"MULLIN, Markwayne",M001190,1977.0,,0.52,0.272,-40.53169,0.88103,320,18,,0.507,0.017
117,House,21760,53,1,OK,200,,,"HERN, Kevin",H001082,1961.0,,0.681,0.019,-29.99984,0.91051,320,11,,0.686,-0.06
117,House,22102,53,5,OK,200,,,"BICE, Stephanie I.",B000740,1973.0,,0.389,0.452,-20.96138,0.93717,323,7,,0.388,0.458
117,House,29393,53,3,OK,200,,,"LUCAS, Frank D.",L000491,1960.0,,0.364,0.419,-18.07814,0.9454,322,6,,0.409,0.499
117,House,15410,72,4,OR,100,,,"DeFAZIO, Peter Anthony",D000191,1947.0,,-0.428,0.002,-10.23915,0.96812,316,4,,-0.272,-0.387
117,House,20944,72,5,OR,100,,,"SCHRADER, Kurt",S001180,1951.0,,-0.185,0.055,-46.1813,0.86483,318,17,,-0.121,-0.012
117,House,21198,72,1,OR,100,,,"BONAMICI, Suzanne",B001278,1954.0,,-0.394,-0.403,-4.6614,0.98576,325,2,,-0.409,-0.398
117,House,22101,72,2,OR,200,,,"BENTZ, Cliff",B000668,1952.0,,0.381,0.494,-16.62429,0.95013,325,8,,0.379,0.501
117,House,29588,72,3,OR,100,,,"BLUMENAUER, Earl",B000574,1948.0,,-0.427,-0.664,-9.08282,0.97193,319,4,,-0.347,-0.528
117,House,20946,14,15,PA,200,,,"THOMPSON, Glenn",T000467,1959.0,,0.316,0.398,-20.56663,0.93756,319,8,,0.351,0.586
117,House,21167,14,16,PA,200,,,"KELLY, Mike",K000376,1948.0,,0.358,0.448,-15.22023,0.95355,320,5,,0.424,0.533
117,House,21356,14,10,PA,200,,,"PERRY, Scott",P000605,1962.0,,0.643,-0.371,-55.84748,0.84077,322,25,,0.764,-0.339
117,House,21358,14,8,PA,100,,,"CARTWRIGHT, Matt",C001090,1961.0,,-0.365,-0.04,-8.15864,0.97459,317,4,,-0.248,-0.062
117,House,21548,14,2,PA,100,,,"BOYLE, Brendan Francis",B001296,1977.0,,-0.4,0.132,-6.13157,0.98108,321,2,,-0.573,0.324
117,House,21566,14,3,PA,100,,,"EVANS, Dwight",E000296,1954.0,,-0.461,-0.105,-9.06071,0.97251,325,5,,-0.537,-0.19
117,House,21718,14,1,PA,200,,,"FITZPATRICK, Brian K.",F000466,1973.0,,0.165,-0.173,-55.94045,0.84143,324,23,,0.145,-0.251
117,House,21745,14,11,PA,200,,,"SMUCKER, Lloyd K.",S001199,1964.0,,0.427,0.257,-17.37342,0.94748,322,7,,0.436,0.292
117,House,21756,14,17,PA,100,,,"LAMB, Conor",L000588,1984.0,,-0.132,0.201,-15.12765,0.95438,324,2,,-0.201,0.193
117,House,21762,14,5,PA,100,,,"SCANLON, Mary Gay",S001205,1959.0,,-0.459,-0.006,-11.60085,0.96461,322,6,,-0.3,-0.255
117,House,21763,14,7,PA,100,,,"WILD, Susan",W000826,1957.0,,-0.322,0.492,-17.94565,0.94579,322,7,,-0.221,0.176
117,House,21915,14,4,PA,100,,,"DEAN, Madeleine",D000631,1959.0,,-0.477,0.011,-5.63322,0.98276,324,2,,-0.35,-0.18
117,House,21934,14,6,PA,100,,,"HOULAHAN, Christina",H001085,1967.0,,-0.317,0.534,-6.65642,0.9796,323,1,,-0.385,0.53
117,House,21936,14,13,PA,200,,,"JOYCE, John",J000302,1957.0,,0.528,0.247,-16.70172,0.94961,323,4,,0.508,0.52
117,House,21945,14,9,PA,200,,,"MEUSER, Dan",M001204,1964.0,,0.526,0.382,-24.87868,0.92452,317,8,,0.414,0.379
117,House,21956,14,14,PA,200,,,"RESCHENTHALER, Guy",R000610,1983.0,,0.376,0.315,-30.8982,0.9085,322,12,,0.426,0.137
117,House,21985,14,12,PA,200,,,"KELLER, Fred",K000395,1965.0,,0.497,0.183,-14.77047,0.95544,324,6,,0.466,0.474
117,House,29561,14,18,PA,100,,,"DOYLE, Michael F.",D000482,1953.0,,-0.331,0.106,-17.22462,0.94629,312,8,,-0.379,-0.481
117,House,20136,5,2,RI,100,,,"LANGEVIN, James",L000559,1964.0,,-0.375,0.112,-6.6944,0.97955,324,4,,-0.331,0.239
117,House,21172,5,1,RI,100,,,"CICILLINE, David N.",C001084,1961.0,,-0.389,-0.269,-10.17384,0.96918,325,4,,-0.281,-0.126
117,House,20138,48,2,SC,200,,,"WILSON, Addison Graves (Joe)",W000795,1947.0,,0.535,0.119,-24.80238,0.92115,302,8,,0.448,0.506
117,House,21174,48,3,SC,200,,,"DUNCAN, Jeff",D000615,1966.0,,0.728,-0.15,-34.58147,0.89572,314,17,,0.775,0.185
117,House,21359,48,7,SC,200,,,"RICE, Tom",R000597,1957.0,,0.589,-0.26,-74.74495,0.79285,322,29,,0.516,-0.179
117,House,21753,48,5,SC,200,,,"NORMAN, Ralph",N000190,1953.0,,0.815,-0.272,-32.39793,0.89891,304,16,,0.867,-0.429
117,House,21974,48,4,SC,200,,,"TIMMONS, William",T000480,1984.0,,0.585,0.196,-19.13644,0.9423,322,8,,0.542,0.324
117,House,22132,48,1,SC,200,,,"MACE, Nancy",M000194,1977.0,,0.39,-0.219,-97.46118,0.74022,324,40,,0.389,-0.218
117,House,39301,48,6,SC,100,,,"CLYBURN, James Enos",C000537,1940.0,,-0.464,0.255,-5.40733,0.98345,324,2,,-0.515,0.275
117,House,21935,37,1,SD,200,,,"JOHNSON, Dustin",J000301,1976.0,,0.462,0.151,-20.30128,0.93908,323,7,,0.42,0.313
117,House,15019,54,5,TN,100,,,"COOPER, James Hayes Shofner",C000754,1954.0,,-0.164,-0.031,-12.39104,0.96213,321,5,,-0.36,0.282
117,House,20748,54,9,TN,100,,,"COHEN, Stephen",C001068,1949.0,,-0.4,-0.351,-6.32637,0.98054,322,3,,-0.442,-0.309
117,House,21178,54,3,TN,200,,,"FLEISCHMANN, Chuck",F000459,1962.0,,0.457,0.301,-27.20238,0.91971,325,11,,0.478,0.156
117,House,21179,54,4,TN,200,,,"DESJARLAIS, Scott",D000616,1964.0,,0.586,-0.085,-40.19377,0.88265,322,17,,0.617,-0.02
117,House,21731,54,8,TN,200,,,"KUSTOFF, David",K000392,1966.0,,0.526,0.336,-18.03557,0.94503,319,6,,0.517,0.541
117,House,21905,54,2,TN,200,,,"BURCHETT, Timothy",B001309,1964.0,,0.67,-0.321,-49.56967,0.85566,318,19,,0.643,-0.366
117,House,21926,54,7,TN,200,,,"GREEN, Mark",G000590,1964.0,,0.684,-0.015,-46.94354,0.85863,308,23,,0.644,-0.119
117,House,21959,54,6,TN,200,,,"ROSE, John",R000612,1965.0,,0.675,0.042,-32.49746,0.89924,306,14,,0.681,0.038
117,House,22122,54,1,TN,200,,,"HARSHBARGER, Diana",H001086,1960.0,,0.668,-0.042,-39.98104,0.88289,321,19,,0.668,-0.042
117,House,20355,49,26,TX,200,,,"BURGESS, Michael C.",B001248,1950.0,,0.572,-0.202,-40.56818,0.8788,314,17,,0.54,-0.174
117,House,20356,49,31,TX,200,,,"CARTER, John R.",C001051,1941.0,,0.474,0.598,-32.43663,0.90274,317,13,,0.567,0.387
117,House,20527,49,1,TX,200,,,"GOHMERT, Louie",G000552,1953.0,,0.635,-0.363,-46.96353,0.8519,293,19,,0.713,-0.462
117,House,20529,49,9,TX,100,,,"GREEN, Al",G000553,1947.0,,-0.438,0.303,-15.37389,0.95352,323,8,,-0.422,-0.278
117,House,20530,49,10,TX,200,,,"McCAUL, Michael T.",M001157,1962.0,,0.429,0.093,-32.12848,0.90419,319,14,,0.355,0.275
117,House,20533,49,28,TX,100,,,"CUELLAR, Henry",C001063,1955.0,,-0.227,0.617,-28.9518,0.91477,325,11,,-0.198,0.447
117,House,21360,49,14,TX,200,,,"WEBER, Randy",W000814,1953.0,,0.718,0.004,-36.64111,0.88715,306,12,,0.758,-0.007
117,House,21362,49,20,TX,100,,,"CASTRO, Joaquin",C001091,1974.0,,-0.4,-0.033,-8.82442,0.97288,321,2,,-0.393,-0.398
117,House,21364,49,25,TX,200,,,"WILLIAMS, Roger",W000816,1949.0,,0.584,0.122,-19.43904,0.93746,301,7,,0.571,0.228
117,House,21365,49,33,TX,100,,,"VEASEY, Marc",V000131,1971.0,,-0.401,0.284,-9.04663,0.97221,321,4,,-0.277,0.117
117,House,21366,49,34,TX,100,,,"VELA, Filemon",V000132,1963.0,,-0.312,0.407,-8.71702,0.97245,312,5,,-0.237,0.096
117,House,21551,49,36,TX,200,,,"BABIN, Brian",B001291,1948.0,,0.701,0.098,-28.41422,0.91452,318,12,,0.699,0.122
117,House,21700,49,19,TX,200,,,"ARRINGTON, Jodey Cook",A000375,1972.0,,0.645,-0.068,-38.76637,0.88173,308,19,,0.682,-0.085
117,House,21722,49,15,TX,100,,,"GONZALEZ, Vicente Jr.",G000581,1967.0,,-0.381,0.667,-16.62145,0.94876,316,7,,-0.355,0.71
117,House,21758,49,27,TX,200,,,"CLOUD, Michael",C001115,1975.0,,0.667,-0.272,-41.71587,0.87058,301,18,,0.707,-0.278
117,House,21900,49,32,TX,100,,,"ALLRED, Colin",A000376,1983.0,,-0.429,0.598,-5.0391,0.98461,325,2,,-0.348,0.513
117,House,21911,49,2,TX,200,,,"CRENSHAW, Daniel",C001120,1984.0,,0.4,0.33,-28.01229,0.9136,310,12,,0.407,0.234
117,House,21917,49,16,TX,100,,,"ESCOBAR, Veronica",E000299,1969.0,,-0.388,-0.5,-27.15352,0.91937,323,10,,-0.579,-0.686
117,House,21919,49,7,TX,100,,,"FLETCHER, Elizabeth",F000468,1975.0,,-0.406,0.743,-11.39689,0.96533,323,4,,-0.24,0.305
117,House,21922,49,29,TX,100,,,"GARCIA, Sylvia",G000587,1950.0,,-0.792,0.526,-23.09474,0.9312,324,9,,-0.881,0.472
117,House,21925,49,5,TX,200,,,"GOODEN, Lance",G000589,1982.0,,0.727,-0.063,-48.76748,0.86066,325,21,,0.713,-0.179
117,House,21961,49,21,TX,200,,,"ROY, Charles",R000614,1972.0,,0.8,-0.6,-44.54274,0.86287,302,23,,0.753,-0.658
117,House,21973,49,3,TX,200,,,"TAYLOR, Nicholas",T000479,1972.0,,0.557,-0.151,-47.04886,0.86522,325,19,,0.568,-0.209
117,House,21984,49,6,TX,200,,,"WRIGHT, Ron",W000827,1953.0,2021.0,0.711,-0.09,-0.27921,0.98025,14,0,,0.908,-0.418
117,House,22112,49,4,TX,200,,,"FALLON, Pat",F000246,1967.0,,0.76,0.649,-24.93546,0.92526,321,13,,0.76,0.649
117,House,22119,49,23,TX,200,,,"GONZALES, Tony",G000594,1980.0,,0.28,0.379,-25.79314,0.9237,325,11,,0.276,0.391
117,House,22125,49,13,TX,200,,,"JACKSON, Ronny",J000304,1967.0,,0.724,-0.006,-33.75761,0.89522,305,12,,0.724,-0.006
117,House,22143,49,22,TX,200,,,"NEHLS, Troy E.",N000026,1968.0,,0.566,0.022,-32.9276,0.90193,319,13,,0.566,0.022
117,House,22147,49,11,TX,200,,,"PFLUGER, August",P000048,,,0.651,0.759,-13.43945,0.95797,313,5,,0.651,0.759
117,House,22155,49,24,TX,200,,,"VAN DUYNE, Beth",V000134,1970.0,,0.522,0.144,-27.37629,0.91874,323,11,,0.522,0.144
117,House,22160,49,6,TX,200,,,"ELLZEY, Jake",E000071,1970.0,,0.464,0.468,-1.94721,0.97971,95,0,,0.461,0.471
117,House,29571,49,35,TX,100,,,"DOGGETT, Lloyd Alton, II",D000399,1946.0,,-0.402,-0.313,-4.36753,0.98649,321,1,,-0.348,-0.292
117,House,29573,49,18,TX,100,,,"JACKSON LEE, Sheila",J000032,1950.0,,-0.46,0.124,-7.34758,0.97737,321,4,,-0.502,-0.217
117,House,29759,49,17,TX,200,,,"SESSIONS, Pete",S000250,1955.0,,0.59,0.154,-48.46095,0.85741,315,20,,0.629,-0.072
117,House,29760,49,8,TX,200,,,"BRADY, Kevin Patrick",B000755,1955.0,,0.524,0.222,-15.94757,0.93698,245,4,,0.513,0.301
117,House,29762,49,12,TX,200,,,"GRANGER, Kay",G000377,1943.0,,0.398,0.237,-46.45764,0.86041,309,17,,0.455,0.091
117,House,39305,49,30,TX,100,,,"JOHNSON, Eddie Bernice",J000126,1935.0,,-0.485,0.201,-7.06371,0.9783,322,4,,-0.428,-0.061
117,House,21367,67,2,UT,200,,,"STEWART, Chris",S001192,1960.0,,0.522,0.136,-34.48014,0.89845,322,14,,0.487,0.023
117,House,21755,67,3,UT,200,,,"CURTIS, John R.",C001114,1960.0,,0.512,0.021,-47.14748,0.86261,319,15,,0.427,0.04
117,House,22141,67,1,UT,200,,,"MOORE, Blake D.",M001213,1980.0,,0.368,0.288,-27.01013,0.91881,319,10,,0.366,0.293
117,House,22146,67,4,UT,200,,,"OWENS, Burgess",O000086,1951.0,,0.456,0.173,-24.94246,0.92569,323,9,,0.456,0.173
117,House,20750,6,1,VT,100,,,"WELCH, Peter",W000800,1947.0,,-0.409,-0.355,-4.92324,0.98487,323,2,,-0.381,-0.487
117,House,20756,40,1,VA,200,,,"WITTMAN, Robert J.",W000804,1959.0,,0.446,-0.005,-22.92547,0.93065,319,3,,0.453,0.289
117,House,20952,40,11,VA,100,,,"CONNOLLY, Gerald E. (Gerry)",C001078,1950.0,,-0.306,-0.016,-5.21128,0.98404,324,0,,-0.288,-0.13
117,House,21191,40,9,VA,200,,,"GRIFFITH, H. Morgan",G000568,1958.0,,0.543,-0.421,-61.14965,0.82655,321,22,,0.501,-0.346
117,House,21554,40,8,VA,100,,,"BEYER, Donald Sternoff Jr.",B001292,1950.0,,-0.384,-0.049,-5.65982,0.98268,324,1,,-0.335,-0.232
117,House,21736,40,4,VA,100,,,"MCEACHIN, Aston Donald",M001200,1961.0,,-0.375,-0.05,-8.0919,0.97541,325,5,,-0.347,0.098
117,House,21908,40,6,VA,200,,,"CLINE, Benjamin",C001118,1972.0,,0.705,-0.172,-36.19565,0.89399,323,15,,0.717,-0.136
117,House,21941,40,2,VA,100,,,"LURIA, Elaine",L000591,1975.0,,-0.196,0.406,-14.32682,0.95674,324,6,,-0.454,0.798
117,House,21966,40,7,VA,100,,,"SPANBERGER, Abigail",S001209,1979.0,,-0.172,0.428,-20.57999,0.93827,323,7,,-0.203,0.393
117,House,21983,40,10,VA,100,,,"WEXTON, Jennifer",W000825,1968.0,,-0.392,0.401,-9.14355,0.97226,325,4,,-0.307,0.097
117,House,22120,40,5,VA,200,,,"GOOD, Bob",G000595,1965.0,,0.8,-0.6,-42.48218,0.86998,305,21,,0.908,-0.418
117,House,39307,40,3,VA,100,,,"SCOTT, Robert C.",S000185,1947.0,,-0.45,0.017,-8.09543,0.97532,324,5,,-0.367,0.054
117,House,20145,73,2,WA,100,,,"LARSEN, Richard Ray (Rick)",L000560,1965.0,,-0.365,0.189,-6.06424,0.98129,321,3,,-0.426,0.215
117,House,20535,73,5,WA,200,,,"McMORRIS RODGERS, Cathy",M001159,1969.0,,0.425,0.122,-22.05599,0.93299,318,7,,0.394,0.344
117,House,21187,73,3,WA,200,,,"HERRERA BEUTLER, Jaime",H001056,1978.0,,0.353,-0.176,-47.44052,0.86379,324,22,,0.322,-0.022
117,House,21368,73,6,WA,100,,,"KILMER, Derek",K000381,1974.0,,-0.31,-0.013,-5.41612,0.98347,325,2,,-0.298,-0.089
117,House,21556,73,4,WA,200,,,"NEWHOUSE, Daniel Milton",N000189,1955.0,,0.34,0.251,-36.75485,0.89117,319,19,,0.287,0.378
117,House,21726,73,7,WA,100,,,"JAYAPAL, Pramila",J000298,1965.0,,-0.695,-0.327,-7.6194,0.97662,322,3,,-0.53,-0.659
117,House,21962,73,8,WA,100,,,"SCHRIER, Kim",S001216,1968.0,,-0.346,0.505,-7.77843,0.97628,324,3,,-0.314,0.627
117,House,22153,73,10,WA,100,,,"STRICKLAND, Marilyn",S001159,1962.0,,-0.555,0.541,-6.50641,0.98018,325,3,,-0.555,0.541
117,House,29768,73,9,WA,100,,,"SMITH, Adam",S000510,1965.0,,-0.285,-0.162,-12.63771,0.96151,322,5,,-0.619,0.13
117,House,31101,73,1,WA,100,,,"DelBENE, Suzan K.",D000617,1962.0,,-0.283,-0.214,-8.79188,0.97331,325,4,,-0.461,0.359
117,House,21188,56,1,WV,200,,,"McKINLEY, David",M001180,1947.0,,0.301,0.182,-42.72345,0.8761,323,19,,0.315,0.084
117,House,21557,56,2,WV,200,,,"MOONEY, Alex X.",M001195,1971.0,,0.576,-0.266,-40.21766,0.88155,319,19,,0.571,-0.128
117,House,21946,56,3,WV,200,,,"MILLER, Carol",M001205,1950.0,,0.475,0.321,-15.38234,0.95349,323,5,,0.499,0.41
117,House,20537,25,4,WI,100,,,"MOORE, Gwendolynne S. (Gwen)",M001160,1951.0,,-0.528,-0.251,-13.42168,0.95905,321,5,,-0.318,-0.481
117,House,21370,25,2,WI,100,,,"POCAN, Mark",P000607,1964.0,,-0.54,-0.544,-4.16969,0.98717,323,1,,-0.516,-0.523
117,House,21559,25,6,WI,200,,,"GROTHMAN, Glenn",G000576,1955.0,,0.603,-0.284,-62.79399,0.82232,321,24,,0.567,-0.344
117,House,21720,25,8,WI,200,,,"GALLAGHER, Michael",G000579,1984.0,,0.44,-0.051,-45.32905,0.86831,321,18,,0.408,0.018
117,House,21970,25,1,WI,200,,,"STEIL, Bryan",S001213,1981.0,,0.424,-0.038,-32.59454,0.90429,324,11,,0.437,0.044
117,House,21989,25,7,WI,200,,,"TIFFANY, Thomas P.",T000165,1957.0,,0.637,-0.197,-38.72839,0.87618,293,20,,0.649,-0.183
117,House,22115,25,5,WI,200,,,"FITZGERALD, Scott",F000471,1963.0,,0.607,0.477,-15.69212,0.95244,322,8,,0.607,0.477
117,House,29769,25,3,WI,100,,,"KIND, Ron",K000188,1963.0,,-0.261,-0.079,-27.57665,0.91841,324,11,,-0.165,-0.008
117,House,21710,68,1,WY,200,,,"CHENEY, Liz",C001109,1966.0,,0.482,0.444,-78.50076,0.76977,300,22,,0.322,0.546
